PIL-113_3dayLBCR-1.jpg,carbNotRes
PIL-113_3dayLBCR-2.jpg,carbNotRes
PIL-113_3dayLBCR-3.jpg,carbRes
PIL-113_3dayLBCR-4.jpg,carbRes
PIL-122_3dayLBCR-1.jpg,carbRes
PIL-122_3dayLBCR-2.jpg,carbRes
PIL-122_3dayLBCR-3.jpg,carbRes
PIL-124_3dayLBCR-1.jpg,carbRes
PIL-124_3dayLBCR-2.jpg,carbRes
PIL-124_3dayLBCR-3.jpg,carbRes
PIL-127_3dayLBCR-1.jpg,carbNotRes
PIL-127_3dayLBCR-2.jpg,carbNotRes
PIL-127_3dayLBCR-3.jpg,carbNotRes
PIL-127_3dayLBCR-4.jpg,carbNotRes
PIL-128_3dayLBCR-1.jpg,carbNotRes
PIL-128_3dayLBCR-2.jpg,carbNotRes
PIL-128_3dayLBCR-3.jpg,carbNotRes
PIL-128_3dayLBCR-4.jpg,carbNotRes
PIL-129_3dayLBCR-1.jpg,carbNotRes
PIL-129_3dayLBCR-2.jpg,carbNotRes
PIL-129_3dayLBCR-3.jpg,carbRes
PIL-129_3dayLBCR-4.jpg,carbNotRes
PIL-132_3dayLBCR-1.jpg,carbNotRes
PIL-132_3dayLBCR-2.jpg,carbNotRes
PIL-132_3dayLBCR-3.jpg,carbNotRes
PIL-133_3dayLBCR-1.jpg,carbNotRes
PIL-133_3dayLBCR-2.jpg,carbNotRes
PIL-133_3dayLBCR-3.jpg,carbRes
PIL-133_3dayLBCR-4.jpg,carbRes
PIL-134_3dayLBCR-1.jpg,carbRes
PIL-134_3dayLBCR-2.jpg,carbRes
PIL-134_3dayLBCR-3.jpg,carbRes
PIL-134_3dayLBCR-4.jpg,carbRes
PIL-148_3dayLBCR-1.jpg,carbRes
PIL-148_3dayLBCR-2.jpg,carbRes
PIL-148_3dayLBCR-3.jpg,carbRes
PIL-148_3dayLBCR-4.jpg,carbRes
PIL-149_3dayLBCR-1.jpg,carbNotRes
PIL-149_3dayLBCR-2.jpg,carbNotRes
PIL-149_3dayLBCR-3.jpg,carbNotRes
PIL-149_3dayLBCR-4.jpg,carbNotRes
PIL-158_3dayLBCR-1.jpg,carbNotRes
PIL-158_3dayLBCR-2.jpg,carbNotRes
PIL-158_3dayLBCR-3.jpg,carbNotRes
PIL-158_3dayLBCR-4.jpg,carbNotRes
PIL-159_3dayLBCR-1.jpg,carbNotRes
PIL-159_3dayLBCR-2.jpg,carbNotRes
PIL-159_3dayLBCR-3.jpg,carbNotRes
PIL-159_3dayLBCR-4.jpg,carbNotRes
PIL-169_3dayLBCR-1.jpg,carbNotRes
PIL-169_3dayLBCR-2.jpg,carbNotRes
PIL-169_3dayLBCR-3.jpg,carbNotRes
PIL-169_3dayLBCR-4.jpg,carbNotRes
PIL-174_3dayLBCR-1.jpg,carbNotRes
PIL-174_3dayLBCR-2.jpg,carbNotRes
PIL-174_3dayLBCR-3.jpg,carbNotRes
PIL-174_3dayLBCR-4.jpg,carbNotRes
PIL-175_3dayLBCR-1.jpg,carbNotRes
PIL-175_3dayLBCR-2.jpg,carbNotRes
PIL-175_3dayLBCR-3.jpg,carbNotRes
PIL-175_3dayLBCR-4.jpg,carbNotRes
PIL-1_3dayLBCR-1.jpg,carbRes
PIL-1_3dayLBCR-2.jpg,carbRes
PIL-1_3dayLBCR-3.jpg,carbRes
PIL-1_3dayLBCR-4.jpg,carbRes
PIL-210_3dayLBCR-1.jpg,carbNotRes
PIL-210_3dayLBCR-2.jpg,carbNotRes
PIL-210_3dayLBCR-3.jpg,carbNotRes
PIL-226_3dayLBCR-1.jpg,carbNotRes
PIL-226_3dayLBCR-2.jpg,carbNotRes
PIL-226_3dayLBCR-3.jpg,carbNotRes
PIL-226_3dayLBCR-4.jpg,carbNotRes
PIL-230_3dayLBCR-1.jpg,carbNotRes
PIL-230_3dayLBCR-2.jpg,carbNotRes
PIL-230_3dayLBCR-3.jpg,carbNotRes
PIL-230_3dayLBCR-4.jpg,carbNotRes
PIL-231_3dayLBCR-1.jpg,carbNotRes
PIL-231_3dayLBCR-2.jpg,carbNotRes
PIL-231_3dayLBCR-3.jpg,carbNotRes
PIL-231_3dayLBCR-4.jpg,carbNotRes
PIL-232_3dayLBCR-1.jpg,carbNotRes
PIL-232_3dayLBCR-2.jpg,carbNotRes
PIL-232_3dayLBCR-3.jpg,carbNotRes
PIL-232_3dayLBCR-4.jpg,carbNotRes
PIL-237_3dayLBCR-1.jpg,carbNotRes
PIL-237_3dayLBCR-2.jpg,carbNotRes
PIL-237_3dayLBCR-3.jpg,carbNotRes
PIL-237_3dayLBCR-4.jpg,carbNotRes
PIL-259_3dayLBCR-1.jpg,carbNotRes
PIL-259_3dayLBCR-2.jpg,carbNotRes
PIL-259_3dayLBCR-3.jpg,carbNotRes
PIL-259_3dayLBCR-4.jpg,carbNotRes
PIL-26_3dayLBCR-1.jpg,carbRes
PIL-26_3dayLBCR-2.jpg,carbRes
PIL-26_3dayLBCR-3.jpg,carbRes
PIL-26_3dayLBCR-4.jpg,carbRes
PIL-276_3dayLBCR-1.jpg,carbNotRes
PIL-276_3dayLBCR-2.jpg,carbNotRes
PIL-276_3dayLBCR-3.jpg,carbNotRes
PIL-276_3dayLBCR-4.jpg,carbNotRes
PIL-293_3dayLBCR-1.jpg,carbNotRes
PIL-293_3dayLBCR-2.jpg,carbNotRes
PIL-293_3dayLBCR-3.jpg,carbRes
PIL-293_3dayLBCR-4.jpg,carbNotRes
PIL-298_3dayLBCR-1.jpg,carbNotRes
PIL-298_3dayLBCR-2.jpg,carbNotRes
PIL-298_3dayLBCR-3.jpg,carbNotRes
PIL-298_3dayLBCR-4.jpg,carbNotRes
PIL-2_3dayLBCR-1.jpg,carbRes
PIL-2_3dayLBCR-2.jpg,carbRes
PIL-2_3dayLBCR-3.jpg,carbRes
PIL-2_3dayLBCR-4.jpg,carbRes
PIL-304_3dayLBCR-1.jpg,carbNotRes
PIL-304_3dayLBCR-2.jpg,carbNotRes
PIL-304_3dayLBCR-3.jpg,carbNotRes
PIL-304_3dayLBCR-4.jpg,carbNotRes
PIL-313_3dayLBCR-1.jpg,carbNotRes
PIL-313_3dayLBCR-2.jpg,carbNotRes
PIL-313_3dayLBCR-3.jpg,carbNotRes
PIL-313_3dayLBCR-4.jpg,carbNotRes
PIL-317_3dayLBCR-1.jpg,carbNotRes
PIL-317_3dayLBCR-2.jpg,carbRes
PIL-317_3dayLBCR-3.jpg,carbNotRes
PIL-317_3dayLBCR-4.jpg,carbNotRes
PIL-329_3dayLBCR-1.jpg,carbNotRes
PIL-329_3dayLBCR-2.jpg,carbNotRes
PIL-32_3dayLBCR-1.jpg,carbRes
PIL-32_3dayLBCR-2.jpg,carbRes
PIL-32_3dayLBCR-3.jpg,carbRes
PIL-32_3dayLBCR-4.jpg,carbNotRes
PIL-331_3dayLBCR-1.jpg,carbNotRes
PIL-331_3dayLBCR-2.jpg,carbNotRes
PIL-331_3dayLBCR-3.jpg,carbNotRes
PIL-331_3dayLBCR-4.jpg,carbNotRes
PIL-333_3dayLBCR-1.jpg,carbNotRes
PIL-333_3dayLBCR-2.jpg,carbNotRes
PIL-333_3dayLBCR-3.jpg,carbNotRes
PIL-333_3dayLBCR-4.jpg,carbNotRes
PIL-334_3dayLBCR-1.jpg,carbNotRes
PIL-334_3dayLBCR-2.jpg,carbNotRes
PIL-334_3dayLBCR-3.jpg,carbNotRes
PIL-334_3dayLBCR-4.jpg,carbNotRes
PIL-337_3dayLBCR-1.jpg,carbNotRes
PIL-337_3dayLBCR-2.jpg,carbNotRes
PIL-337_3dayLBCR-3.jpg,carbNotRes
PIL-337_3dayLBCR-4.jpg,carbNotRes
PIL-338_3dayLBCR-1.jpg,carbNotRes
PIL-338_3dayLBCR-2.jpg,carbNotRes
PIL-338_3dayLBCR-3.jpg,carbNotRes
PIL-338_3dayLBCR-4.jpg,carbNotRes
PIL-33_3dayLBCR-1.jpg,carbNotRes
PIL-33_3dayLBCR-2.jpg,carbNotRes
PIL-33_3dayLBCR-3.jpg,carbRes
PIL-33_3dayLBCR-4.jpg,carbNotRes
PIL-340_3dayLBCR-1.jpg,carbNotRes
PIL-340_3dayLBCR-2.jpg,carbNotRes
PIL-340_3dayLBCR-3.jpg,carbNotRes
PIL-340_3dayLBCR-4.jpg,carbNotRes
PIL-344_3dayLBCR-1.jpg,carbNotRes
PIL-344_3dayLBCR-2.jpg,carbNotRes
PIL-344_3dayLBCR-3.jpg,carbNotRes
PIL-344_3dayLBCR-4.jpg,carbNotRes
PIL-3_3dayLBCR-1.jpg,carbNotRes
PIL-3_3dayLBCR-2.jpg,carbNotRes
PIL-3_3dayLBCR-3.jpg,carbRes
PIL-3_3dayLBCR-4.jpg,carbRes
PIL-41_3dayLBCR-1.jpg,carbRes
PIL-41_3dayLBCR-2.jpg,carbNotRes
PIL-41_3dayLBCR-3.jpg,carbRes
PIL-41_3dayLBCR-4.jpg,carbNotRes
PIL-45_3dayLBCR-1.jpg,carbRes
PIL-45_3dayLBCR-2.jpg,carbNotRes
PIL-45_3dayLBCR-3.jpg,carbNotRes
PIL-45_3dayLBCR-4.jpg,carbNotRes
PIL-50_3dayLBCR-1.jpg,carbNotRes
PIL-50_3dayLBCR-2.jpg,carbRes
PIL-50_3dayLBCR-3.jpg,carbNotRes
PIL-50_3dayLBCR-4.jpg,carbRes
PIL-5_3dayLBCR-1.jpg,carbRes
PIL-5_3dayLBCR-2.jpg,carbRes
PIL-5_3dayLBCR-3.jpg,carbNotRes
PIL-5_3dayLBCR-4.jpg,carbNotRes
PIL-78_3dayLBCR-1.jpg,carbRes
PIL-78_3dayLBCR-2.jpg,carbRes
PIL-78_3dayLBCR-3.jpg,carbRes
PIL-86_3dayLBCR-1.jpg,carbNotRes
PIL-86_3dayLBCR-2.jpg,carbNotRes
PIL-86_3dayLBCR-3.jpg,carbNotRes
PIL-90_3dayLBCR-1.jpg,carbNotRes
PIL-90_3dayLBCR-2.jpg,carbNotRes
PIL-90_3dayLBCR-3.jpg,carbNotRes
PIL-90_3dayLBCR-4.jpg,carbNotRes
PIL-94_3dayLBCR-1.jpg,carbNotRes
PIL-94_3dayLBCR-2.jpg,carbNotRes
PIL-94_3dayLBCR-3.jpg,carbNotRes
PIL-94_3dayLBCR-4.jpg,carbNotRes
PIL-9_3dayLBCR-1.jpg,carbRes
PIL-9_3dayLBCR-2.jpg,carbNotRes
