PIL-109_3dayLBCR-1.jpg,tobyNotRes
PIL-109_3dayLBCR-2.jpg,tobyNotRes
PIL-109_3dayLBCR-3.jpg,tobyNotRes
PIL-109_3dayLBCR-4.jpg,tobyNotRes
PIL-113_3dayLBCR-1.jpg,tobyRes
PIL-113_3dayLBCR-2.jpg,tobyNotRes
PIL-113_3dayLBCR-3.jpg,tobyRes
PIL-113_3dayLBCR-4.jpg,tobyRes
PIL-120_3dayLBCR-1.jpg,tobyRes
PIL-120_3dayLBCR-2.jpg,tobyRes
PIL-120_3dayLBCR-3.jpg,tobyRes
PIL-120_3dayLBCR-4.jpg,tobyNotRes
PIL-122_3dayLBCR-1.jpg,tobyRes
PIL-122_3dayLBCR-2.jpg,tobyNotRes
PIL-122_3dayLBCR-3.jpg,tobyNotRes
PIL-124_3dayLBCR-1.jpg,tobyNotRes
PIL-124_3dayLBCR-2.jpg,tobyNotRes
PIL-124_3dayLBCR-3.jpg,tobyRes
PIL-125_3dayLBCR-1.jpg,tobyNotRes
PIL-125_3dayLBCR-2.jpg,tobyNotRes
PIL-125_3dayLBCR-3.jpg,tobyRes
PIL-125_3dayLBCR-4.jpg,tobyNotRes
PIL-126_3dayLBCR-1.jpg,tobyNotRes
PIL-126_3dayLBCR-2.jpg,tobyRes
PIL-126_3dayLBCR-3.jpg,tobyNotRes
PIL-126_3dayLBCR-4.jpg,tobyNotRes
PIL-127_3dayLBCR-1.jpg,tobyRes
PIL-127_3dayLBCR-2.jpg,tobyRes
PIL-127_3dayLBCR-3.jpg,tobyNotRes
PIL-127_3dayLBCR-4.jpg,tobyRes
PIL-128_3dayLBCR-1.jpg,tobyNotRes
PIL-128_3dayLBCR-2.jpg,tobyNotRes
PIL-128_3dayLBCR-3.jpg,tobyNotRes
PIL-128_3dayLBCR-4.jpg,tobyNotRes
PIL-129_3dayLBCR-1.jpg,tobyNotRes
PIL-129_3dayLBCR-2.jpg,tobyNotRes
PIL-129_3dayLBCR-3.jpg,tobyNotRes
PIL-129_3dayLBCR-4.jpg,tobyNotRes
PIL-132_3dayLBCR-1.jpg,tobyNotRes
PIL-132_3dayLBCR-2.jpg,tobyRes
PIL-132_3dayLBCR-3.jpg,tobyRes
PIL-133_3dayLBCR-1.jpg,tobyRes
PIL-133_3dayLBCR-2.jpg,tobyNotRes
PIL-133_3dayLBCR-3.jpg,tobyNotRes
PIL-133_3dayLBCR-4.jpg,tobyNotRes
PIL-134_3dayLBCR-1.jpg,tobyNotRes
PIL-134_3dayLBCR-2.jpg,tobyNotRes
PIL-134_3dayLBCR-3.jpg,tobyNotRes
PIL-134_3dayLBCR-4.jpg,tobyNotRes
PIL-13_3dayLBCR-1.jpg,tobyNotRes
PIL-13_3dayLBCR-2.jpg,tobyNotRes
PIL-13_3dayLBCR-3.jpg,tobyNotRes
PIL-148_3dayLBCR-1.jpg,tobyNotRes
PIL-148_3dayLBCR-2.jpg,tobyNotRes
PIL-148_3dayLBCR-3.jpg,tobyNotRes
PIL-148_3dayLBCR-4.jpg,tobyNotRes
PIL-149_3dayLBCR-1.jpg,tobyNotRes
PIL-149_3dayLBCR-2.jpg,tobyNotRes
PIL-149_3dayLBCR-3.jpg,tobyNotRes
PIL-149_3dayLBCR-4.jpg,tobyNotRes
PIL-14_3dayLBCR-1.jpg,tobyNotRes
PIL-14_3dayLBCR-2.jpg,tobyNotRes
PIL-14_3dayLBCR-3.jpg,tobyNotRes
PIL-14_3dayLBCR-4.jpg,tobyNotRes
PIL-158_3dayLBCR-1.jpg,tobyRes
PIL-158_3dayLBCR-2.jpg,tobyNotRes
PIL-158_3dayLBCR-3.jpg,tobyRes
PIL-158_3dayLBCR-4.jpg,tobyRes
PIL-159_3dayLBCR-1.jpg,tobyNotRes
PIL-159_3dayLBCR-2.jpg,tobyRes
PIL-159_3dayLBCR-3.jpg,tobyRes
PIL-159_3dayLBCR-4.jpg,tobyRes
PIL-169_3dayLBCR-1.jpg,tobyRes
PIL-169_3dayLBCR-2.jpg,tobyRes
PIL-169_3dayLBCR-3.jpg,tobyRes
PIL-169_3dayLBCR-4.jpg,tobyNotRes
PIL-174_3dayLBCR-1.jpg,tobyRes
PIL-174_3dayLBCR-2.jpg,tobyNotRes
PIL-174_3dayLBCR-3.jpg,tobyNotRes
PIL-174_3dayLBCR-4.jpg,tobyRes
PIL-175_3dayLBCR-1.jpg,tobyNotRes
PIL-175_3dayLBCR-2.jpg,tobyRes
PIL-175_3dayLBCR-3.jpg,tobyRes
PIL-175_3dayLBCR-4.jpg,tobyRes
PIL-1_3dayLBCR-1.jpg,tobyNotRes
PIL-1_3dayLBCR-2.jpg,tobyNotRes
PIL-1_3dayLBCR-3.jpg,tobyNotRes
PIL-1_3dayLBCR-4.jpg,tobyNotRes
PIL-210_3dayLBCR-1.jpg,tobyNotRes
PIL-210_3dayLBCR-2.jpg,tobyRes
PIL-210_3dayLBCR-3.jpg,tobyNotRes
PIL-226_3dayLBCR-1.jpg,tobyNotRes
PIL-226_3dayLBCR-2.jpg,tobyRes
PIL-226_3dayLBCR-3.jpg,tobyRes
PIL-226_3dayLBCR-4.jpg,tobyNotRes
PIL-230_3dayLBCR-1.jpg,tobyRes
PIL-230_3dayLBCR-2.jpg,tobyRes
PIL-230_3dayLBCR-3.jpg,tobyRes
PIL-230_3dayLBCR-4.jpg,tobyRes
PIL-231_3dayLBCR-1.jpg,tobyNotRes
PIL-231_3dayLBCR-2.jpg,tobyNotRes
PIL-231_3dayLBCR-3.jpg,tobyRes
PIL-231_3dayLBCR-4.jpg,tobyNotRes
PIL-232_3dayLBCR-1.jpg,tobyRes
PIL-232_3dayLBCR-2.jpg,tobyRes
PIL-232_3dayLBCR-3.jpg,tobyRes
PIL-232_3dayLBCR-4.jpg,tobyRes
PIL-237_3dayLBCR-1.jpg,tobyRes
PIL-237_3dayLBCR-2.jpg,tobyRes
PIL-237_3dayLBCR-3.jpg,tobyRes
PIL-237_3dayLBCR-4.jpg,tobyNotRes
PIL-23_3dayLBCR-1.jpg,tobyNotRes
PIL-23_3dayLBCR-2.jpg,tobyNotRes
PIL-23_3dayLBCR-3.jpg,tobyNotRes
PIL-23_3dayLBCR-4.jpg,tobyNotRes
PIL-259_3dayLBCR-1.jpg,tobyNotRes
PIL-259_3dayLBCR-2.jpg,tobyNotRes
PIL-259_3dayLBCR-3.jpg,tobyNotRes
PIL-259_3dayLBCR-4.jpg,tobyNotRes
PIL-26_3dayLBCR-1.jpg,tobyNotRes
PIL-26_3dayLBCR-2.jpg,tobyNotRes
PIL-26_3dayLBCR-3.jpg,tobyNotRes
PIL-26_3dayLBCR-4.jpg,tobyNotRes
PIL-276_3dayLBCR-1.jpg,tobyNotRes
PIL-276_3dayLBCR-2.jpg,tobyNotRes
PIL-276_3dayLBCR-3.jpg,tobyNotRes
PIL-276_3dayLBCR-4.jpg,tobyNotRes
PIL-293_3dayLBCR-1.jpg,tobyRes
PIL-293_3dayLBCR-2.jpg,tobyRes
PIL-293_3dayLBCR-3.jpg,tobyNotRes
PIL-293_3dayLBCR-4.jpg,tobyRes
PIL-298_3dayLBCR-1.jpg,tobyRes
PIL-298_3dayLBCR-2.jpg,tobyNotRes
PIL-298_3dayLBCR-3.jpg,tobyNotRes
PIL-298_3dayLBCR-4.jpg,tobyRes
PIL-29_3dayLBCR-1.jpg,tobyNotRes
PIL-29_3dayLBCR-2.jpg,tobyNotRes
PIL-29_3dayLBCR-3.jpg,tobyNotRes
PIL-29_3dayLBCR-4.jpg,tobyNotRes
PIL-2_3dayLBCR-1.jpg,tobyNotRes
PIL-2_3dayLBCR-2.jpg,tobyNotRes
PIL-2_3dayLBCR-3.jpg,tobyNotRes
PIL-2_3dayLBCR-4.jpg,tobyNotRes
PIL-304_3dayLBCR-1.jpg,tobyRes
PIL-304_3dayLBCR-2.jpg,tobyRes
PIL-304_3dayLBCR-3.jpg,tobyRes
PIL-304_3dayLBCR-4.jpg,tobyRes
PIL-313_3dayLBCR-1.jpg,tobyNotRes
PIL-313_3dayLBCR-2.jpg,tobyNotRes
PIL-313_3dayLBCR-3.jpg,tobyNotRes
PIL-313_3dayLBCR-4.jpg,tobyNotRes
PIL-317_3dayLBCR-1.jpg,tobyNotRes
PIL-317_3dayLBCR-2.jpg,tobyNotRes
PIL-317_3dayLBCR-3.jpg,tobyNotRes
PIL-317_3dayLBCR-4.jpg,tobyNotRes
PIL-329_3dayLBCR-1.jpg,tobyRes
PIL-329_3dayLBCR-2.jpg,tobyNotRes
PIL-32_3dayLBCR-1.jpg,tobyNotRes
PIL-32_3dayLBCR-2.jpg,tobyNotRes
PIL-32_3dayLBCR-3.jpg,tobyNotRes
PIL-32_3dayLBCR-4.jpg,tobyNotRes
PIL-331_3dayLBCR-1.jpg,tobyRes
PIL-331_3dayLBCR-2.jpg,tobyNotRes
PIL-331_3dayLBCR-3.jpg,tobyRes
PIL-331_3dayLBCR-4.jpg,tobyRes
PIL-333_3dayLBCR-1.jpg,tobyRes
PIL-333_3dayLBCR-2.jpg,tobyRes
PIL-333_3dayLBCR-3.jpg,tobyRes
PIL-333_3dayLBCR-4.jpg,tobyRes
PIL-334_3dayLBCR-1.jpg,tobyNotRes
PIL-334_3dayLBCR-2.jpg,tobyRes
PIL-334_3dayLBCR-3.jpg,tobyRes
PIL-334_3dayLBCR-4.jpg,tobyRes
PIL-337_3dayLBCR-1.jpg,tobyRes
PIL-337_3dayLBCR-2.jpg,tobyRes
PIL-337_3dayLBCR-3.jpg,tobyRes
PIL-337_3dayLBCR-4.jpg,tobyRes
PIL-338_3dayLBCR-1.jpg,tobyRes
PIL-338_3dayLBCR-2.jpg,tobyRes
PIL-338_3dayLBCR-3.jpg,tobyRes
PIL-338_3dayLBCR-4.jpg,tobyRes
PIL-33_3dayLBCR-1.jpg,tobyNotRes
PIL-33_3dayLBCR-2.jpg,tobyNotRes
PIL-33_3dayLBCR-3.jpg,tobyNotRes
PIL-33_3dayLBCR-4.jpg,tobyNotRes
PIL-340_3dayLBCR-1.jpg,tobyRes
PIL-340_3dayLBCR-2.jpg,tobyRes
PIL-340_3dayLBCR-3.jpg,tobyRes
PIL-340_3dayLBCR-4.jpg,tobyRes
PIL-344_3dayLBCR-1.jpg,tobyRes
PIL-344_3dayLBCR-2.jpg,tobyRes
PIL-344_3dayLBCR-3.jpg,tobyRes
PIL-344_3dayLBCR-4.jpg,tobyRes
PIL-38_3dayLBCR-1.jpg,tobyNotRes
PIL-38_3dayLBCR-2.jpg,tobyNotRes
PIL-38_3dayLBCR-3.jpg,tobyNotRes
PIL-38_3dayLBCR-4.jpg,tobyNotRes
PIL-3_3dayLBCR-1.jpg,tobyNotRes
PIL-3_3dayLBCR-2.jpg,tobyNotRes
PIL-3_3dayLBCR-3.jpg,tobyNotRes
PIL-3_3dayLBCR-4.jpg,tobyNotRes
PIL-41_3dayLBCR-1.jpg,tobyNotRes
PIL-41_3dayLBCR-2.jpg,tobyNotRes
PIL-41_3dayLBCR-3.jpg,tobyNotRes
PIL-41_3dayLBCR-4.jpg,tobyNotRes
PIL-45_3dayLBCR-1.jpg,tobyNotRes
PIL-45_3dayLBCR-2.jpg,tobyNotRes
PIL-45_3dayLBCR-3.jpg,tobyNotRes
PIL-45_3dayLBCR-4.jpg,tobyNotRes
PIL-47_3dayLBCR-1.jpg,tobyNotRes
PIL-47_3dayLBCR-2.jpg,tobyNotRes
PIL-47_3dayLBCR-3.jpg,tobyNotRes
PIL-50_3dayLBCR-1.jpg,tobyNotRes
PIL-50_3dayLBCR-2.jpg,tobyNotRes
PIL-50_3dayLBCR-3.jpg,tobyNotRes
PIL-50_3dayLBCR-4.jpg,tobyNotRes
PIL-52_3dayLBCR-1.jpg,tobyNotRes
PIL-52_3dayLBCR-2.jpg,tobyNotRes
PIL-52_3dayLBCR-3.jpg,tobyNotRes
PIL-52_3dayLBCR-4.jpg,tobyNotRes
PIL-55a_3dayLBCR-1.jpg,tobyNotRes
PIL-55a_3dayLBCR-2.jpg,tobyNotRes
PIL-55a_3dayLBCR-3.jpg,tobyNotRes
PIL-55a_3dayLBCR-4.jpg,tobyNotRes
PIL-5_3dayLBCR-1.jpg,tobyNotRes
PIL-5_3dayLBCR-2.jpg,tobyNotRes
PIL-5_3dayLBCR-3.jpg,tobyNotRes
PIL-5_3dayLBCR-4.jpg,tobyNotRes
PIL-78_3dayLBCR-1.jpg,tobyNotRes
PIL-78_3dayLBCR-2.jpg,tobyNotRes
PIL-78_3dayLBCR-3.jpg,tobyNotRes
PIL-84_3dayLBCR-1.jpg,tobyNotRes
PIL-84_3dayLBCR-2.jpg,tobyNotRes
PIL-84_3dayLBCR-3.jpg,tobyNotRes
PIL-84_3dayLBCR-4.jpg,tobyNotRes
PIL-86_3dayLBCR-3.jpg,tobyRes
PIL-90_3dayLBCR-1.jpg,tobyRes
PIL-90_3dayLBCR-2.jpg,tobyRes
PIL-90_3dayLBCR-3.jpg,tobyRes
PIL-90_3dayLBCR-4.jpg,tobyRes
PIL-94_3dayLBCR-1.jpg,tobyNotRes
PIL-94_3dayLBCR-2.jpg,tobyNotRes
PIL-94_3dayLBCR-3.jpg,tobyNotRes
PIL-94_3dayLBCR-4.jpg,tobyNotRes
PIL-9_3dayLBCR-1.jpg,tobyNotRes
PIL-9_3dayLBCR-2.jpg,tobyNotRes
PIL-9_3dayLBCR-3.jpg,tobyNotRes
PIL-9_3dayLBCR-4.jpg,tobyNotRes
